{
  "gen": 11,
  "hue": 0.44898000000000016,
  "wear": 0.066,
  "quirk": 0,
  "last": "2026-06-27",
  "aggr": 0.03629999999999999,
  "risk": 0.08292,
  "sgen": 4,
  "fit": 0.8,
  "p_aggr": 0.01144999999999999,
  "p_risk": 0.10632
}