{
  "gen": 10,
  "hue": 0.40632000000000024,
  "wear": 0.06,
  "quirk": 0,
  "last": "2026-06-26",
  "aggr": 0.01144999999999999,
  "risk": 0.10632,
  "sgen": 4,
  "fit": 0.8,
  "p_aggr": 0.008149999999999992,
  "p_risk": 0.06276000000000001
}