{
  "gen": 13,
  "hue": 0.4699500000000003,
  "wear": 0.07800000000000001,
  "quirk": 0,
  "last": "2026-06-29",
  "aggr": 0.028249999999999994,
  "risk": 0.13115999999999997,
  "sgen": 4,
  "fit": 0.8,
  "p_aggr": 0.04649999999999999,
  "p_risk": 0.14051999999999998
}