{
  "gen": 7,
  "hue": 0.4146000000000003,
  "wear": 0.041999999999999996,
  "quirk": 0,
  "last": "2026-06-23",
  "aggr": -0.0062500000000000056,
  "risk": 0.07044,
  "sgen": 4,
  "fit": 0.8,
  "p_aggr": -0.017350000000000004,
  "p_risk": 0.1218
}