{
  "gen": 12,
  "hue": 0.4710300000000003,
  "wear": 0.07200000000000001,
  "quirk": 0,
  "last": "2026-06-28",
  "aggr": 0.04649999999999999,
  "risk": 0.14051999999999998,
  "sgen": 4,
  "fit": 0.8,
  "p_aggr": 0.03629999999999999,
  "p_risk": 0.08292
}