{
  "gen": 16,
  "hue": 0.4331400000000005,
  "wear": 0.09600000000000003,
  "quirk": 0,
  "last": "2026-07-02",
  "aggr": 0.04449999999999999,
  "risk": 0.03491999999999997,
  "sgen": 4,
  "fit": 0.8,
  "p_aggr": 0.02619999999999999,
  "p_risk": 0.034679999999999975
}