{
  "gen": 8,
  "hue": 0.43413000000000035,
  "wear": 0.048,
  "quirk": 0,
  "last": "2026-06-24",
  "aggr": -0.009850000000000006,
  "risk": 0.10008,
  "sgen": 4,
  "fit": 0.8,
  "p_aggr": -0.0062500000000000056,
  "p_risk": 0.07044
}