{
  "gen": 5,
  "hue": 0.40119000000000016,
  "wear": 0.03,
  "quirk": 0,
  "last": "2026-06-21",
  "aggr": -0.0069000000000000025,
  "risk": 0.10608,
  "sgen": 4,
  "fit": 0.8,
  "p_aggr": -0.0111,
  "p_risk": 0.05136
}