{
  "gen": 2,
  "hue": 0.4062300000000001,
  "wear": 0.012,
  "quirk": 0,
  "last": "2026-06-18",
  "aggr": -0.011099999999999999,
  "risk": 0.05136,
  "sgen": 4,
  "fit": 0.8,
  "p_aggr": 0.0,
  "p_risk": 0.0
}