{
  "gen": 6,
  "hue": 0.37446000000000024,
  "wear": 0.036,
  "quirk": 0,
  "last": "2026-06-22",
  "aggr": -0.017350000000000004,
  "risk": 0.12179999999999999,
  "sgen": 4,
  "fit": 0.8,
  "p_aggr": -0.0069000000000000025,
  "p_risk": 0.10608
}