{
  "gen": 14,
  "hue": 0.4487100000000004,
  "wear": 0.08400000000000002,
  "quirk": 0,
  "last": "2026-06-30",
  "aggr": 0.02259999999999999,
  "risk": 0.07355999999999997,
  "sgen": 4,
  "fit": 0.8,
  "p_aggr": 0.02824999999999999,
  "p_risk": 0.13115999999999997
}