{
  "gen": 15,
  "hue": 0.43062000000000045,
  "wear": 0.09000000000000002,
  "quirk": 0,
  "last": "2026-07-01",
  "aggr": 0.02619999999999999,
  "risk": 0.034679999999999975,
  "sgen": 4,
  "fit": 0.8,
  "p_aggr": 0.02259999999999999,
  "p_risk": 0.07355999999999997
}