{
  "gen": 4,
  "hue": 0.40731000000000006,
  "wear": 0.024,
  "quirk": 0,
  "last": "2026-06-20",
  "aggr": -0.0111,
  "risk": 0.05136,
  "sgen": 4,
  "fit": 0.8,
  "p_aggr": 0.00625,
  "p_risk": 0.04968
}