{
  "gen": 9,
  "hue": 0.4305300000000003,
  "wear": 0.054,
  "quirk": 5,
  "last": "2026-06-25",
  "aggr": 0.008149999999999992,
  "risk": 0.06276000000000001,
  "sgen": 4,
  "fit": 0.8,
  "p_aggr": -0.009850000000000006,
  "p_risk": 0.10008
}