{
  "gen": 3,
  "hue": 0.3903000000000001,
  "wear": 0.018000000000000002,
  "quirk": 0,
  "last": "2026-06-19",
  "aggr": 0.00625,
  "risk": 0.04968,
  "sgen": 4,
  "fit": 0.8,
  "p_aggr": -0.0111,
  "p_risk": 0.05136
}